Table containing the significantly differentially expressed genes. The columns include,,,,,,,,,,,,,
baseMean = the average of the normalized counts taken over all samples,,,,,,,,,,,,,
log2FoldChange = log2 fold change between the groups. E.g. value 2 means that the expression has increased 4-fold,,,,,,,,,,,,,
lfcSE = standard error of the log2FoldChange estimate,,,,,,,,,,,,,
stat = Wald statistic,,,,,,,,,,,,,
pvalue = Wald test p-value,,,,,,,,,,,,,
,,,,,,,,,,,,,
,,,,,,,,,,,,,
"Reference:  M Love, W Huber and S Anders: Moderated estimation of fold change and dispersion for RNA-Seq data with DESeq2. Genome Biol. 2014 15:550",,,,,,,,,,,,,
,,,,,,,,,,,,,
,,,,,,,,,,,,,
,,,,,,,,,,,,,
,,,,,,,,,,,,,
,,,,,,,,,,,,,
,baseMean,log2FoldChange,lfcSE,stat,pvalue,padj,Kingdom,Phylum,Class,Order,Family,Genus,Species
TACGGAGGGTGCAAGCGTTAATCGGAATTACTGGGCGTAAAGCGCACGCAGGCGGTCTGTCAAGTCGGATGTGAAATCCCCGGGCTCAACCCGGGAACTGCATTCGAAACTGGCAGGCTAGAGTCTTGTAGAGGGGGGTAGAATTCCAGGTGTAGCGGTGAAATGCGTAGAGATCTGGAGGAATACCGGTGGCGAAGGCGGCCCCCTGGACAAAGACTGACGCTCAGGTGCGAAAGCGTGGGGAGCAAACAGG,46.84021899,9.26996213,2.068830772,4.480773514,7.44E-06,0.000379302,Bacteria,Proteobacteria,Gammaproteobacteria,Enterobacteriales,Enterobacteriaceae,Enterobacteriaceae Family,Enterobacteriaceae Family
TACGTATGTCCCGAGCGTTATCCGGATTTATTGGGCGTAAAGCGAGCGCAGACGGTTCGATAAGTCTGAAGTGAAAGCCCACAGCTCAACTGTGGAAGTGCTTTGGAAACTGTCGAACTTGAGTGCAGTAGAGGTAAGTGGAACTCCATGTGTAGCGGTGGAATGCGTAGATATATGGAAGAACACCAGTGGCGAAGGCGGCTTACTGGACTGCAACTGACGTTGAGGCTCGAAAGTGTGGGTAGCAAACAGG,57.68875383,-8.933582667,1.934981237,-4.616883355,3.90E-06,0.000379302,Bacteria,Firmicutes,Bacilli,Lactobacillales,Leuconostocaceae,Fructobacillus,Fructobacillus Genus
TACGGAGGGTGCAAGCGTTAATCGGAATTACTGGGCGTAAAGCGCACGCAGGCGGTCTGTCAAGTCGGATGTGAAATCCCCGGGCTCAACCTGGGAACTGCATTCGAAACTGGCAGGCTAGAGTCTTGTAGAGGGGGGTAGAATTCCAGGTGTAGCGGTGAAATGCGTAGAGATCTGGAGGAATACCGGTGGCGAAGGCGGCCCCCTGGACAAAGACTGACGCTCAGGTGCGAAAGCGTGGGGAGCAAACAGG,18.32117994,-7.292740813,2.080663324,-3.505007623,0.000456594,0.015219582,Bacteria,Proteobacteria,Gammaproteobacteria,Enterobacteriales,Enterobacteriaceae,Klebsiella,Klebsiella Genus
TACGAAGGGGGCTAGCGTTGCTCGGAATGACTGGGCGTAAAGGGCGTGTAGGCGGTTTGTACAGTCAGATGTGAAATCCCCGGGCTTAACCTGGGAGCTGCATTTGATACGTGCAGACTAGAGTGTGAGAGAGGGTTGTGGAATTCCCAGTGTAGAGGTGAAATTCGTAGATATTGGGAAGAACACCGGTGGCGAAGGCGGCAACCTGGCTCATTACTGACGCTGAGGCGCGAAAGCGTGGGGAGCAAACAGG,20.72962096,-7.454554493,2.171412775,-3.43304349,0.000596846,0.015219582,Bacteria,Proteobacteria,Alphaproteobacteria,Acetobacterales,Acetobacteraceae,Acetobacter,Acetobacter Genus
TACGTATGTCCCGAGCGTTATCCGGATTTATTGGGCGTAAAGCGAGCGCAGACGGTTTATTAAGTCTGATGTGAAATCCCGAGGCCCAACCTCGGAACTGCATTGGAAACTGATTTACTTGAGTGCGATAGAGGCAAGTGGAACTCCATGTGTAGCGGTGAAATGCGTAGATATGTGGAAGAACACCAGTGGCGAAAGCGGCTTGCTAGATCGTAACTGACGTTGAGGCTCGAAAGTATGGGTAGCAAACGGG,88.14639027,-4.78298681,1.591794357,-3.004776835,0.002657758,0.039861549,Bacteria,Firmicutes,Bacilli,Lactobacillales,Leuconostocaceae,Oenococcus,O.oeni
TACGAAGGGGGCTAGCGTTGCTCGGAATGACTGGGCGTAAAGGGCGCGTAGGCGGTTTATGCAGTCAGATGTGAAATCCCCGGGCTTAACCTGGGAACTGCATTTGAGACGCATAGACTAGAGGTCGAGAGAGGGTTGTGGAATTCCCAGTGTAGAGGTGAAATTCGTAGATATTGGGAAGAACACCGGTGGCGAAGGCGGCAACCTGGCTCGATACTGACGCTGAGGCGCGAAAGCGTGGGGAGCAAACAGG,111.2434655,3.525419571,1.167576952,3.019432309,0.002532489,0.039861549,Bacteria,Proteobacteria,Alphaproteobacteria,Acetobacterales,Acetobacteraceae,Gluconobacter,Gluconobacter Genus
TACGTATGTCCCGAGCGTTATCCGGATTTATTGGGCGTAAAGCGAGCGCAGACGGTTGATTAAGTCTGATGTGAAAGCCCGGAGCTCAACTCCGGAATGGCATTGGAAACTGGTTAACTTGAGTGCAGTAGAGGTAAGTGGAACTCCATGTGTAGCGGTGGAATGCGTAGATATATGGAAGAACACCAGTGGCGAAGGCGGCTTACTGGACTGTAACTGACGTTGAGGCTCGAAAGTGTGGGTAGCAAACAGG,5.020527235,6.024338769,2.010803869,2.995985267,0.002735597,0.039861549,Bacteria,Firmicutes,Bacilli,Lactobacillales,Leuconostocaceae,Leuconostoc,Leuconostoc Genus
